"package_name","title","num_resources","metadata_modified","language","license"
"rsqa-indice-qualite-air","RSQA - indice de la qualité de l'air temps réel (quotidien)",3,"2026-05-24T17:47:25.254479","FR","cc-by"
"frequentation-du-portail-de-donnees-ouvertes","Fréquentation du portail de données ouvertes",3,"2026-05-24T17:03:00.237449","FR","cc-by"
"nombre-telechargment-donnees","Téléchargement quotidien des ressources à partir du site des Données ouvertes",1,"2026-05-24T17:01:31.423103","FR","cc-by"
"requete-311","Demandes de services citoyennes (Requêtes 311)",6,"2026-05-24T12:06:06.535364","FR","cc-by"
"cyclistes","Compteurs cyclistes permanents",1,"2026-05-24T11:01:27.218803","FR","cc-by"
"depistage-entrees-service-plomb","Résultats du dépistage des entrées de service en plomb réalisé par un Palintest",2,"2026-05-24T08:31:53.303349","FR","cc-by"
"info-travaux","Entraves et travaux en cours (anciennement Info-travaux)",3,"2026-05-24T07:10:47.336929","FR","cc-by"
"statistiques-utilisation-site-web-ville-de-montreal","Statistiques d'utilisation du site web de la Ville de Montréal (montreal.ca)",3,"2026-05-24T07:07:49.699334","FR","cc-by"
"arbres","Arbres publics sur le territoire de la Ville",6,"2026-05-24T07:05:43.689399","FR","cc-by"
"velos-comptage","Comptages des vélos sur les pistes cyclables",20,"2026-05-24T06:05:37.735143","FR","cc-by"
"interventions-service-securite-incendie-montreal","Interventions des pompiers de Montréal",9,"2026-05-24T03:06:36.067574","FR","cc-by"
"toponymes","Répertoire historique des toponymes",2,"2026-05-24T02:31:28.654998","FR","cc-by"
"ressources-automatisees-donnees-ouvertes","Liste des ensembles automatisés sur le site des Données ouvertes",1,"2026-05-24T02:31:28.341143","FR","cc-by"
"communique-presse","Communiqués de presse",1,"2026-05-24T02:31:19.511742","FR","cc-by"
"toponym-elles","Banque de nom Toponym'Elles",2,"2026-05-24T02:30:45.360059","FR","cc-by"
"panneaux-de-signalisation","Signalisation routière (excluant le stationnement)",9,"2026-05-24T00:24:28.176811","FR","cc-by"
"stationnement-sur-rue-signalisation-courant","Signalisation (stationnement sur rue)",9,"2026-05-24T00:22:44.254824","FR","cc-by"
"poteaux-signalisation","Poteaux de signalisation",3,"2026-05-24T00:20:21.824000","FR","cc-by"
"programmation-sports-loisirs-montreal","Programmation de sports et loisirs disponible via Loisirs Montréal",8,"2026-05-24T00:13:48.036965","FR","cc-by"
"patinoires-historique","Patinoires – historique des conditions",2,"2026-05-24T00:07:25.476966","FR","cc-by"
"emplacements-arbres","Emplacements de plantation d'arbres publics",1,"2026-05-24T00:06:56.001750","FR","cc-by"
"ordres-travail-signalisation-routiere","Ordres de travail émis pour la signalisation routière",2,"2026-05-24T00:04:25.073388","FR","cc-by"
"reglements-municipaux","Règlements municipaux",1,"2026-05-24T00:03:20.813050","FR","cc-by"
"stm-bus-temps-reel-gtfs-realtime","Horaires et positionnement des bus en temps réel (GTFS-realtime)",1,"2026-05-24T00:03:05.043400","FR","cc-by"
"stm-horaires-planifies-et-trajets-des-bus-et-du-metro","Horaires planifiés et trajets des bus et du métro",1,"2026-05-24T00:03:04.727807","FR","cc-by"
"evenements-publics","Événements publics",3,"2026-05-24T00:03:02.743667","FR","cc-by"
"stm-kilometrage-du-budget-d-exploitation-du-metro-de-la-stm","Kilométrage du budget d'exploitation du métro",1,"2026-05-24T00:02:57.071368","FR","cc-by"
"stm-traces-des-lignes-de-bus-et-de-metro","Tracés des lignes de bus et de métro",1,"2026-05-24T00:02:54.788959","FR","cc-by"
"ententes-reglement-metropole-mixte","Ententes conclues dans le cadre du Règlement pour une métropole mixte",3,"2026-05-24T00:02:43.381138","FR","cc-by"
"stm-kilometrage-realise-par-les-voitures-de-metro-de-la-stm","Kilométrage réalisé par les voitures de métro",1,"2026-05-24T00:02:42.744213","FR","cc-by"
"stm-kilometrage-metro-des-periodes-de-service","Kilométrage métro des périodes de service",1,"2026-05-24T00:02:38.931751","FR","cc-by"
"incidents-du-reseau-du-metro","Incidents du réseau du métro",1,"2026-05-24T00:02:35.730806","FR","cc-by"
"stationnements-municipaux-tarifes-sur-rue-et-hors-rue","Stationnements municipaux tarifés, sur rue et hors rue",12,"2026-05-24T00:02:29.823369","FR","cc-by"
"lieux-publics-climatises","Lieux publics climatisés",2,"2026-05-24T00:02:23.737997","FR","cc-by"
"avis-alertes","Avis et alertes",2,"2026-05-24T00:02:21.129444","FR","cc-by"
"programmes-subventions-destines-population","Programmes et subventions destinés à la population et aux organismes",1,"2026-05-24T00:01:55.094830","FR","cc-by"
"murales","Murales subventionnées",3,"2026-05-24T00:01:51.267086","FR","cc-by"
"bixi-etat-des-stations","État des stations",1,"2026-05-24T00:01:40.960384","FR","cc-by"
"solutions-en-logiciels-libres","Solutions en logiciels libres",1,"2026-05-24T00:01:15.285832","FR","cc-by"
"remorquages-de-vehicules-genants","Remorquages de véhicules entravant les opérations de la Ville de Montréal",3,"2026-05-23T23:36:53.495017","FR","cc-by"
"calendrier-seances-comite-executif-conseil-municipal-conseil-agglomeration","Calendrier des séances du comité exécutif, conseil municipal et conseil d'agglomération",1,"2026-05-23T23:30:44.733240","FR","cc-by"
"actes-criminels","Actes criminels",3,"2026-05-23T20:05:35.136481","FR","cc-by"
"rsma-qualite-de-l-eau-en-rive-qualo","Qualité de l’eau en rive (QUALO) du réseau de suivi du milieu aquatique (RSMA)",14,"2026-05-22T21:01:52.319907","FR","cc-by"
"rsma-donnees-ruisso-annuelle","Qualité bactériologique et physicochimique des ruisseaux et plans d’eau intérieurs (RUISSO) du réseau de suivi du milieu aquatique (RSMA)",6,"2026-05-22T21:01:46.429144","FR","cc-by"
"applicateurs-commerciaux-pesticides-titulaires-permis","Applicateurs commerciaux de pesticides titulaires d'un permis annuel",7,"2026-05-22T19:46:21.860593","FR","cc-by"
"rsqa-liste-des-stations","RSQA - liste des stations",1,"2026-05-22T15:47:51.436535","FR","cc-by"
"redition-comptes-stations-temporaires-projets-speciaux","Reddition de comptes des stations temporaires (projets spéciaux)",7,"2026-05-22T15:03:39.404551","FR","cc-by"
"rsqa-polluants-metaux","RSQA - Polluants métaux",8,"2026-05-22T14:15:41.284681","FR","cc-by"
"grands-parcs-parcs-d-arrondissements-et-espaces-publics","Grands parcs, parcs d'arrondissements et espaces publics",3,"2026-05-22T13:07:30.115518","FR","cc-by"
"postes-d-attente-de-taxi","Postes d'attente de taxi",3,"2026-05-22T04:02:24.508680","FR","cc-by"
"geobase-gestion-troncon","Géobase - gestion tronçons",3,"2026-05-21T19:34:19.562899","FR","cc-by"
"geobase-noeud","Géobase - noeuds",3,"2026-05-21T19:32:25.906766","FR","cc-by"
"geobase-double","Géobase double - côtés de rue du réseau routier",3,"2026-05-21T19:32:08.885181","FR","cc-by"
"geobase-troncon-detruit","Géobase - tronçons détruits",3,"2026-05-21T19:32:00.904300","FR","cc-by"
"geobase-pole","Géobase - pôles",3,"2026-05-21T19:31:49.682349","FR","cc-by"
"geobase","Géobase - réseau routier",3,"2026-05-21T19:31:08.228988","FR","cc-by"
"installations-recreatives-sportives-et-culturelles","Installations récréatives, sportives et culturelles extérieures",3,"2026-05-21T13:00:08.026461","FR","cc-by"
"liste-des-fournisseurs","Liste des fournisseurs",2,"2026-05-21T11:04:07.474201","FR","cc-by"
"abattage-arbres-publics","Abattage - Arbres publics sur le territoire de la Ville",2,"2026-05-21T07:05:09.797050","FR","cc-by"
"permis-construction","Permis de construction, transformation et démolition",5,"2026-05-21T06:20:34.035286","FR","cc-by"
"vignettes-stationnement","Vignettes de stationnement",2,"2026-05-21T00:06:56.682839","FR","cc-by"
"casernes-pompiers","Casernes de pompiers sur l’île de Montréal",3,"2026-05-21T00:01:31.962872","FR","cc-by"
"ensembles-de-donnees-du-portail-de-donnees-ouvertes","Liste des ensembles disponibles en données ouvertes",3,"2026-05-20T23:01:55.019225","FR","cc-by"
"rsma-bilan-annuel-de-la-qualite-des-plans-d-eau","RSMA - Bilan annuel de la qualité des plans d'eau",35,"2026-05-20T17:12:26.767159","FR_EN","cc-by"
"quartiers","Quartiers de référence en habitation",4,"2026-05-20T06:21:06.414873","FR","cc-by"
"feux-pietons","Feux de circulation – feux pour piétons",4,"2026-05-19T02:31:33.015479","FR","cc-by"
"feux-malvoyants","Feux de circulation – Signaux sonores pour malvoyants",3,"2026-05-19T02:16:08.807139","FR","cc-by"
"feux-tous","Feux de circulation – emplacements toutes intersections",3,"2026-05-19T02:01:25.409860","FR","cc-by"
"offres-demploi-et-postulation","Offres d'emploi et postulation",2,"2026-05-18T17:02:03.384910","FR","cc-by"
"inspection-aliments-bilan","Rapport sur les activités de l'inspection des aliments",2,"2026-05-18T07:04:12.270965","FR","cc-by"
"inspection-aliments-contrevenants","Inspections des aliments et contrevenants",3,"2026-05-18T06:46:14.961011","FR","cc-by"
"info-collectes","Secteurs Info-collectes",12,"2026-05-18T06:31:44.150084","FR","cc-by"
"contrats-transaction-deneigement","Contrats et transactions de déneigement",23,"2026-05-18T06:19:47.543666","FR","cc-by"
"depot-neige","Sites d'élimination de la neige",30,"2026-05-18T06:17:23.574046","FR","cc-by"
"secteur-deneigement","Secteurs de déneigement",31,"2026-05-18T06:17:01.715689","FR","cc-by"
"etablissements-alimentaires","Établissements alimentaires",4,"2026-05-18T06:05:40.089741","FR","cc-by"
"adresses-ponctuelles","Adresse ponctuelle",3,"2026-05-18T01:18:34.266345","FR","cc-by"
"videodiffusion-seances-instances-politiques","Vidéos des séances des instances décisionnelles",8,"2026-05-18T00:03:35.784723","FR","cc-by"
"firmes-a-rendement-insatisfaisant","Firmes à rendement insatisfaisant",1,"2026-05-14T13:27:09.778037","FR","cc-by"
"liste-des-transactions-immobilieres-2024","Liste des transactions immobilières",4,"2026-05-12T18:36:14.530559","FR","cc-by"
"liste-des-baux-sous-gestion","Liste des baux actifs",4,"2026-05-12T17:23:38.334493","FR","cc-by"
"bilan-mensuel-criminalite","Bilan mensuel sur la criminalité",4,"2026-05-12T14:25:57.428707","FR","cc-by"
"condition-chaussees-reseau-routier","Indicateurs de condition des chaussées du réseau routier",16,"2026-05-12T13:42:42.807772","FR","cc-by"
"locaux-commerciaux","Locaux commerciaux et statuts d'occupation",24,"2026-05-12T13:39:29.806593","FR","cc-by"
"limites-administratives-agglomeration","Limites administratives de l'agglomération de Montréal (arrondissements et villes liées)",5,"2026-05-12T13:33:19.144802","FR","cc-by"
"mesure-harmonisee-delais-delivrance-permis","Mesure harmonisée des délais de délivrance de permis",3,"2026-05-11T12:58:53.079755","FR","cc-by"
"contrats-octroyes-par-les-fonctionnaires-ville-centrale","Contrats – Fonctionnaires",2,"2026-05-08T00:19:24.539818","FR","cc-by"
"subvention-habitation","Subventions en habitation destinées aux citoyennes et citoyens",1,"2026-05-07T13:29:34.185513","FR","cc-by"
"indicateur-priorite-inspection","Indicateur de priorité d'inspection de 2018",1,"2026-05-07T13:28:07.207382","FR","cc-by"
"logements-sociaux","Logements hors marché dans l'agglomération de Montréal",3,"2026-05-07T13:26:31.622582","FR","cc-by"
"commande-sh-recensement-2021","Commande personnalisée du recensement 2021 du Service de la stratégie immobilière et de l’habitation",7,"2026-05-07T13:21:34.793568","FR","cc-by"
"profils-menages-logements","Profils des ménages et des logements 2021",21,"2026-05-07T13:18:02.230111","FR","cc-by"
"liste-central-condamnations-salubrite-logements","Contrevenants condamnés - salubrité, entretien et sécurité des logements",1,"2026-05-07T13:14:42.393223","FR","cc-by"
"avis-deterioration","Avis de détérioration",1,"2026-05-07T13:11:36.849686","FR","cc-by"
"cartes-reglement-metropole-mixte","Cartes pour l'application du Règlement pour une métropole mixte",4,"2026-05-07T13:10:10.560934","FR","cc-by"
"inspections-preventives-salubrite-service-habitation","Inspections préventives en salubrité du Service de la stratégie immobilière et de l’habitation",3,"2026-05-07T13:07:48.947811","FR","cc-by"
"inspections-salubrite","Inspections de salubrité du Service de la stratégie immobilière et de l'habitation",4,"2026-05-07T13:00:06.794115","FR","cc-by"
"declarations-exterminations-punaises-de-lit","Déclarations des exterminations de punaises de lit par des gestionnaires de parasites",5,"2026-05-07T12:47:51.474795","FR","cc-by"
"inventaire-donnees-ouvertes","Inventaire de données",3,"2026-05-06T20:26:33.270267","FR","cc-by"
"contrats-et-subventions-api","Contrats et subventions – API",0,"2026-05-06T20:25:16.134308","FR","cc-by"
"sondage-sur-l-ouverture-des-donnees-mars-2016","Sondage sur l'ouverture des données - mars 2016",3,"2026-05-06T20:24:24.101180","FR","cc-by"
"couverture-du-reseau-wifi-mtlwifi","Bornes du réseau sans fil MTLWiFi",4,"2026-05-06T20:23:23.101866","FR","cc-by"
"indicateurs-de-performance-de-la-ville-de-montreal","Indicateurs de performance de la Ville de Montréal",5,"2026-05-06T20:22:01.175359","FR","cc-by"
"sondage-defi-villes-intelligentes","Sondage du Défi des villes intelligentes",3,"2026-05-06T20:21:04.800127","FR","cc-by"
"sondage-mobilite-autonome","Sondage - Expérimentation de mobilité autonome à Montréal",4,"2026-05-06T20:20:22.771473","FR","cc-by"
"projets-du-plan-d-action-2015-2017-de-montreal-ville-intelligente-et-numerique","Projets du plan d’action 2015-2017 de Montréal, ville intelligente et numérique",1,"2026-05-06T20:19:38.854118","FR","cc-by"
"promenade-fleuve-montagne","Promenade Fleuve-Montagne",5,"2026-05-06T20:06:46.580602","FR","cc-by"
"grands-parcs-activites","Activités saisonnières dans les 19 grands parcs de Montréal",1,"2026-05-06T20:06:02.704333","FR","cc-by"
"cyclovias","Cyclovias - Calendrier des activités",1,"2026-05-06T20:05:18.187194","FR","cc-by"
"sites-hiver","Conditions des glissades (sites hivernaux)",2,"2026-05-06T19:58:29.669071","FR","cc-by"
"patinoires","Conditions des patinoires (sites hivernaux)",1,"2026-05-06T19:57:39.526941","FR","cc-by"
"milieu-naturel-protege","Milieu naturel intérieur protégé ou en voie de protection",3,"2026-05-06T19:50:13.635956","FR","cc-by"
"bilan-repertoire-des-milieux-naturels-proteges-contributifs-a-la-biodiversite","Bilan du Répertoire des milieux naturels protégés et contributifs à la biodiversité",2,"2026-05-06T19:49:16.374990","FR","cc-by"
"frichenaturelle","Friches naturelles",3,"2026-05-06T19:47:07.514714","FR","cc-by"
"rive-publique","Rive publique",3,"2026-05-06T19:46:06.975224","FR","cc-by"
"bois","Bois",2,"2026-05-06T19:45:03.439736","FR","cc-by"
"canopee","Canopée",6,"2026-05-06T19:43:14.505951","FR","cc-by"
"frenes-publics-proteges-injection-agrile-du-frene","Frênes publics protégés de l'agrile du frêne par injection",10,"2026-05-06T19:41:08.808396","FR","cc-by"
"cours-d-eau-et-fosse","Cours d'eau et fossés",2,"2026-05-06T19:39:50.552446","FR","cc-by"
"mobilierurbaingp","Mobilier urbain dans les grands parcs",3,"2026-05-06T19:38:28.881911","FR","cc-by"
"signalements-de-coyotes","Signalements de coyotes",4,"2026-05-06T19:35:17.128846","FR","cc-by"
"ecoterritoires","Écoterritoires de l'agglomération de Montréal",4,"2026-05-06T19:30:24.219617","FR","cc-by"
"milieux-humides","Milieux humides",2,"2026-05-06T19:29:41.942200","FR","cc-by"
"jardins-communautaires","Jardins communautaires",2,"2026-05-06T19:29:09.853475","FR","cc-by"
"projet-station-nomade-rsqa","Projet: Station Nomade RSQA",3,"2026-05-06T18:48:21.182209","FR","cc-by"
"rsma-2015-fermeture-intercepteur-s-e","Qualité de l'eau du Fleuve (RSMA), travaux intercepteur sud-est, Nov. 2015",4,"2026-05-06T18:46:12.875485","FR","cc-by"
"rsma-points-d-echantillonnage-qualo","RSMA – Points d’échantillonnage QUALO",4,"2026-05-06T18:44:11.175390","FR","cc-by"
"rsma-donnees-courdo-speciales","RSMA - Données COURDO spéciales",5,"2026-05-06T18:42:54.832546","FR","cc-by"
"rsqa-secteurs-geographiques","RSQA - Secteurs géographiques",3,"2026-05-06T18:41:57.843233","FR","cc-by"
"rsma-points-d-echantillonnage-courdo","RSMA – Points d’échantillonnage COURDO",4,"2026-05-06T18:40:58.672272","FR","cc-by"
"rsma-points-d-echantillonnage-courdo-special","RSMA – Points d’échantillonnage COURDO SPÉCIAL",4,"2026-05-06T18:39:56.442854","FR","cc-by"
"rsma-donnees-courdo-annuelle","RSMA – Données COURDO annuelles",6,"2026-05-06T18:38:53.649343","FR","cc-by"
"liste-des-terrains-contamines","Liste des terrains contaminés",1,"2026-05-06T18:37:05.727380","FR","cc-by"
"cri-suivi-effluents-industriels-travaux-intercepteur-s-e-automne-2015","Suivi de la qualité de l'eau des effluents industriels, travaux intercepteur sud-est, Nov. 2015",1,"2026-05-06T18:36:00.027835","FR","cc-by"
"rsma-points-d-echantillonnage-ruisso","RSMA – Points d’échantillonnage RUISSO",4,"2026-05-06T18:34:36.159362","FR","cc-by"
"rsqa-aldehydes-cetones","RSQA - Aldéhydes-cétones",16,"2026-05-06T18:33:28.086842","FR","cc-by"
"matieres-residuelles-bilan-massique","Matières résiduelles - bilan massique",2,"2026-05-06T18:31:55.608205","FR","cc-by"
"rsqa-bilans-annuels-qualite-air","RSQA - Bilans annuels de la qualité de l'air",48,"2026-05-06T18:29:45.928294","FR","cc-by"
"projet-station-longue-pointe-25","Projet: Station Longue-Pointe (25)",1,"2026-05-06T18:22:33.510705","FR","cc-by"
"rsqa-iqa-historique","RSQA - indice de la qualité de l'air (historique)",24,"2026-05-06T18:20:37.523171","FR","cc-by"
"signalements-evenements-nuisibles-environnement","Signalements des événements nuisibles à l'environnement",1,"2026-05-06T18:19:28.378104","FR","cc-by"
"contrevenants-aux-reglements-relatifs-aux-emissions-air-rejets-eau","Contrevenants aux règlements relatifs aux émissions dans l'air et les rejets dans l'eau",1,"2026-05-06T18:17:37.714480","FR","cc-by"
"rsqa-polluants-gazeux","RSQA - Multi-Polluants (en continu)",39,"2026-05-06T18:13:56.701444","FR","cc-by"
"anciennes-carrieres-depots-surface","Anciennes carrières et dépôts de surface du territoire Montréalais",5,"2026-05-06T18:12:44.424367","FR","cc-by"
"utilisation-bornes-recharge-publique-voiture-electrique","Utilisation de bornes de recharge publique pour voitures électriques",1,"2026-05-06T18:10:57.384538","FR","cc-by"
"ilots-de-chaleur","Îlots de chaleur",16,"2026-05-06T18:09:25.823028","FR","cc-by"
"vulnerabilite-changements-climatiques","Vulnérabilité aux changements climatiques",30,"2026-05-06T18:07:58.081553","FR","cc-by"
"consommation-emissions-batiments-municipaux","Consommation d'énergie et émissions de gaz à effet de serre des bâtiments municipaux de 2000 m² et plus",4,"2026-05-06T18:01:01.769603","FR","cc-by"
"regle-3-30-30-pour-le-suivi-de-l-acces-aux-espaces-verts","Règle 3-30-30 pour le suivi de l'accès aux espaces verts",8,"2026-05-06T18:00:05.722331","FR","cc-by"
"mesure-impact-projets-verdissement","Mesure de l'impact des projets de verdissement sur la température de l'air et l'humidité",6,"2026-05-06T17:59:19.486847","FR","cc-by"
"emissions-ges-collectivite-montrealaise","Émissions de gaz à effet de serre de la collectivité montréalaise",10,"2026-05-06T17:58:27.610370","FR","cc-by"
"organisations-partenaires-montreal-durable","Organisations partenaires du Plan Montréal durable 2016-2020",2,"2026-05-06T17:56:49.585109","FR","cc-by"
"cuvettes-retention-eau-ruissellement","Cuvettes de rétention d’eau de ruissellement",4,"2026-05-06T17:55:53.734948","FR","cc-by"
"zones-prioritaires-verdir-diminuer-impacts-vagues-chaleur","Zones prioritaires à verdir pour diminuer les impacts des vagues de chaleur",4,"2026-05-06T17:54:51.021562","FR","cc-by"
"taux-vegetalisation-mineralisation-surfaces","Taux de végétalisation et de minéralisation des surfaces",4,"2026-05-06T17:52:02.681228","FR","cc-by"
"potentiel-photovoltaique-technique-sur-toit","Potentiel technique de production photovoltaïque des toits",2,"2026-05-06T17:39:58.742960","FR","cc-by"
"reseau-311-reddition-performance","Reddition et performance du réseau 311",31,"2026-05-06T13:10:27.421786","FR","cc-by"
"batiments-3d-2020-maquette-lod2-avec-textures","Bâtiments 3D 2020 (Maquette LOD2 avec textures)",17,"2026-05-04T18:51:21.358003","FR","cc-by"
"voirie-zone","Zone hors voirie (Base de données des actifs de voirie)",4,"2026-05-04T08:13:51.514941","FR","cc-by"
"voirie-actif","Actifs de voirie (Base de données complète - Chaussée, Îlot, Intersection, Trottoir, Zone)",4,"2026-05-04T08:13:49.821134","FR","cc-by"
"voirie-trottoir-ilot","Trottoir et îlot (Base de données des actifs de voirie)",7,"2026-05-04T08:13:48.293546","FR","cc-by"
"voirie-chaussee-intersection","Chaussée agrégée et intersection (Base de données des actifs de voirie)",7,"2026-05-04T08:13:46.615304","FR","cc-by"
"ententes-achats-accordees","Ententes d'achats accordées par le service de l'approvisionnement depuis 2016",1,"2026-05-02T19:00:51.755605","FR","cc-by"
"immeubles-terrains-assujettis-droit-preemption","Immeubles et terrains assujettis au droit de préemption",3,"2026-05-01T03:01:25.842044","FR","cc-by"
"comptage-vehicules-pietons","Comptages des véhicules, cyclistes et piétons aux intersections munies de feux de circulation",10,"2026-05-01T00:07:11.349465","FR","cc-by"
"logiciels-libres-entretenus-par-la-ville-de-montreal","Logiciels libres entretenus par la Ville de Montréal",1,"2026-05-01T00:02:02.788590","FR","cc-by"
"pistes-cyclables","Réseau cyclable",4,"2026-05-01T00:02:00.166416","FR","cc-by"
"batiments-municipaux","Bâtiments municipaux",1,"2026-05-01T00:01:30.603248","FR","cc-by"
"condition-chaussees-reseau-cyclable","Indicateurs de condition des chaussées du réseau cyclable",2,"2026-04-24T19:04:39.772430","FR","cc-by"
"art-public-information-sur-les-oeuvres-de-la-collection-municipale","Art public - Information sur les oeuvres de la collection municipale",1,"2026-04-22T14:22:27.532776","FR","cc-by"
"programmation-culturelle-vas","Programmation culturelle 2020-2021",3,"2026-04-22T14:22:00.656201","FR","cc-by"
"soutien-artistes-organismes-culturels","Soutien aux artistes, organismes culturels et arrondissements",11,"2026-04-22T14:21:31.886698","FR","cc-by"
"lieux-culturels","Lieux culturels municipaux de Montréal",2,"2026-04-22T14:21:00.670623","FR","cc-by"
"programme-inclusion-innovation2008-2014","Programme d'aide-financière Inclusion et innovation",2,"2026-04-22T14:20:37.068235","FR","cc-by"
"membres-rlcm","Répertoire des organismes membres du réseau du loisir culturel de Montréal",1,"2026-04-22T14:19:33.188272","FR","cc-by"
"diagnostic-de-la-pratique-artistique-amateur-a-montreal","Diagnostic de la pratique artistique amateur à Montréal",2,"2026-04-22T14:19:08.102042","FR","cc-by"
"coups-de-coeur-et-projets-culturels-de-l-evenement-montreal-engagee-pour-la-culture","Coups de coeur et projets culturels de l'événement ""Montréal engagée pour la culture""",4,"2026-04-22T14:18:42.867197","FR","cc-by"
"portrait-camps-de-jour2013","Portrait des camps de jour municipaux 2013 (archives)",2,"2026-04-22T14:18:14.742868","FR","cc-by"
"montant-des-amendes-payees-et-impayees-par-bibliotheque","Montant des amendes payées et impayées par bibliothèque",8,"2026-04-22T14:17:31.272970","FR","cc-by"
"recipiendaires-du-prix-paul-buissonneau","Récipiendaires du prix Paul-Buissonneau (archives)",1,"2026-04-22T14:16:59.544567","FR","cc-by"
"permis-et-autorisations-de-tournage","Permis et autorisations de tournage",4,"2026-04-22T14:16:26.742528","FR","cc-by"
"pluviometrie-quantite-precipitation","Pluviométrie - mesure de la quantité de précipitation",8,"2026-04-17T15:51:23.259580","FR","cc-by"
"sites-immeubles-proteges-lpc","Sites et immeubles protégés en vertu de la Loi sur le patrimoine culturel",2,"2026-04-16T18:07:38.734323","FR","cc-by"
"inventaires-des-immeubles-patrimoniaux-construits-avant-1940","Inventaires des immeubles patrimoniaux construits avant 1940",68,"2026-04-16T13:14:55.488701","FR","cc-by"
"parcours-riverain","Parcours riverain",4,"2026-04-12T01:08:23.514560","FR","cc-by"
"diffusion-proactive-acces-information","Diffusion proactive - Documents remis des demandes d’accès à l’information",1,"2026-04-10T19:23:42.782453","FR","cc-by"
"debordement","Débordements",11,"2026-04-07T18:49:45.263720","FR","cc-by"
"schema-transport","Schéma d'aménagement et de développement - Transport",12,"2026-04-01T20:30:46.358389","FR","cc-by"
"bixi-historique-des-deplacements","Historique des déplacements",1,"2026-04-01T20:30:10.771388","FR","cc-by"
"nomination-par-les-instance-politiques-centrales","Nomination par les instances politiques centrales",1,"2026-04-01T16:01:26.977658","FR","cc-by"
"ruelles-vertes","Ruelles vertes",3,"2026-04-01T00:07:05.807770","FR","cc-by"
"regards-egouts","Regards d'égouts",3,"2026-03-18T02:58:06.790139","FR","cc-by"
"puisards-egouts","Puisards d'égouts",3,"2026-03-18T02:55:56.765682","FR","cc-by"
"geolocalisation-des-bornes-fontaines","Bornes d'incendie",3,"2026-03-18T02:51:11.005002","FR","cc-by"
"diversite-en-emploi-a-la-ville-de-montreal","Diversité en emploi à la Ville de Montréal",2,"2026-03-09T20:14:57.959047","FR","cc-by"
"cartographie-de-base","Cartographie de base",19,"2026-03-04T15:37:36.398075","FR","cc-by"
"contrats-conseil-municipal-et-conseil-d-agglomeration","Contrats – Conseil municipal et conseil d’agglomération",3,"2026-03-02T17:34:01.555747","FR","cc-by"
"contrats-comite-executif","Contrats – Comité exécutif",2,"2026-03-02T17:32:02.872186","FR","cc-by"
"subventions-conseil-de-ville-et-d-agglomeration","Subventions - Conseil de ville et d'agglomération",3,"2026-03-02T17:30:33.968527","FR","cc-by"
"subventions-du-comite-executif","Subventions - Comité exécutif",2,"2026-03-02T17:28:39.384937","FR","cc-by"
"bornes-recharge-publiques","Bornes de recharge publiques pour voitures électriques",3,"2026-03-01T00:03:34.037826","FR","cc-by"
"modelisation-de-ruissellement-de-surface-2024-version-2-2025-09-19","Modélisation de ruissellement de surface 2024 - version 2 (2025-09-19)",2,"2026-02-26T15:03:14.957615","FR","cc-by"
"developpement-projete-du-reseau-de-voies-reservees-et-des-corridors-de-mobilite-durable","Développement projeté du réseau de voies réservées et des corridors de mobilité durable (Plan d'urbanisme et de mobilité 2050)",4,"2026-02-23T21:33:52.753358","FR","cc-by"
"limite-des-societes-de-developpement-commercial-sdc","Limite des sociétés de développement commercial (SDC)",4,"2026-02-23T18:52:14.280840","FR","cc-by"
"taxes-municipales","Imposition annuelle de taxes municipales",19,"2026-02-20T21:02:19.904633","FR","cc-by"
"lieux-batiments-vocation-publique","Lieux et bâtiments à vocation publique",6,"2026-02-19T03:36:44.150998","FR","cc-by"
"patrimoine-architectural-outremont-fiches-immeubles-inventaire-bisson","Patrimoine architectural de l'arrondissement Outremont - Fiches d'immeubles de l'inventaire Bisson",1,"2026-02-13T18:50:57.117715","FR","cc-by"
"glissiere-attenuateur","Inventaire des glissières de sécurité et des atténuateurs d'impact",5,"2026-02-10T16:49:37.603370","FR","cc-by"
"batiment-3d-2016-maquette-citygml-lod2-avec-textures2","Bâtiments 3D 2016 (Maquette LOD2 avec textures)",26,"2026-02-10T16:47:23.503692","FR","cc-by"
"niveaux-intensification-urbaine-densite-affectation-sol-pum-2050","Niveaux d'intensification urbaine, seuils minimaux moyens de densité nette et affectation du sol (Plan d'urbanisme et de mobilité 2050)",4,"2026-02-09T21:08:50.288308","FR","cc-by"
"budget","Budget de fonctionnement",16,"2026-02-05T16:46:52.780251","FR","cc-by"
"programme-decennal-immobilisations","Programme décennal d’immobilisations",6,"2026-02-05T16:46:27.055659","FR","cc-by"
"budget-rosemont-la-petite-patrie","Budget - Rosemont–La Petite-Patrie (Archive)",2,"2026-01-22T17:16:51.683133","FR","cc-by"
"conditions-ski","Conditions de ski et sentiers ainsi que les grands parcs (sites hivernaux)",2,"2026-01-20T18:02:04.569363","FR","cc-by"
"depenses-des-elus-autorisees-par-le-comite-executif","Dépenses des élus - autorisées par le comité exécutif",2,"2026-01-16T15:26:49.910766","FR","cc-by"
"resultats-detailles","Élections municipales - Résultats détaillés",5,"2026-01-08T16:52:58.264243","FR","cc-by"
"contrats-conseils-d-arrondissement","Contrats – Conseils d'arrondissement",2,"2026-01-07T14:50:07.860081","FR","cc-by"
"secteurs-reference-dispositions-stationnement-plan-urbanisme-mobilite-2050","Secteurs de référence pour les dispositions en stationnement (Plan d'urbanisme et de mobilité 2050)",6,"2025-12-18T17:01:11.851694","FR","cc-by"
"bilan-des-estimations-infrastructures","Bilan des estimations - Infrastructures (archives)",3,"2025-12-18T16:51:28.366498","FR","cc-by"
"vision-2050-reseau-transport-collectif-structurant-plan-urbanisme-mobilite-2050","Vision 2050 du réseau de transport collectif structurant (Plan d'urbanisme et de mobilité 2050)",4,"2025-12-18T16:50:57.200168","FR","cc-by"
"cuisine-de-rue","Calendrier de la cuisine de rue (archives)",3,"2025-12-18T16:45:08.570156","FR","cc-by"
"secteurs-d-opportunite-plan-d-urbanisme-et-de-mobilite-2050","Secteurs d'opportunité (Plan d'urbanisme et de mobilité 2050)",2,"2025-12-18T16:43:34.974788","FR","cc-by"
"patrimoine-et-paysages-plan-d-urbanisme-et-de-mobilite-2050","Patrimoine et paysages (Plan d'urbanisme et de mobilité 2050)",22,"2025-12-18T16:08:50.835446","FR","cc-by"
"grands-ensembles-commerciaux-pericentriques-redeveloppement-plan-urbanisme-mobilite-2050","Grands ensembles commerciaux péricentriques présentant un potentiel de redéveloppement (Plan d'urbanisme et de mobilité 2050)",2,"2025-12-18T16:07:15.033180","FR","cc-by"
"listes-des-elus-de-la-ville-de-montreal","Liste des élus de la Ville de Montréal",3,"2025-12-15T20:21:44.819647","FR","cc-by"
"listes-des-elus-du-conseil-d-agglomeration","Liste des élus du Conseil d’agglomération",1,"2025-12-15T20:18:55.203872","FR","cc-by"
"stationnements-deneigement","Stationnements gratuits et payants (déneigement)",19,"2025-12-15T18:08:28.934643","FR","cc-by"
"geobase-double-statique","Géobase double - côtés de rue du réseau routier (statique)",3,"2025-12-12T18:48:14.726993","FR","cc-by"
"deneigement","Déneigement des rues en arrondissements",3,"2025-12-12T18:26:54.028880","FR","cc-by"
"collisions-routieres","Collisions routières",8,"2025-12-04T15:03:17.526102","FR","cc-by"
"plan-urbanisme-limites-hauteur","Plan d'urbanisme - Limites de hauteur",2,"2025-12-02T17:27:01.149734","FR","cc-by"
"plan-urbanisme-densite","Plan d'urbanisme - Densité de construction",2,"2025-12-02T17:26:36.724473","FR","cc-by"
"affectation-du-sol","Plan d’urbanisme - Affectation du sol",2,"2025-12-02T17:26:20.650887","FR","cc-by"
"plan-urbanisme-ppu","Plan d'urbanisme - Programmes particuliers d'urbanisme",2,"2025-12-02T17:26:08.559914","FR","cc-by"
"schema-environnement-milieux-naturels","Schéma d'aménagement et de développement - Environnement et milieux naturels",18,"2025-11-28T15:36:41.737051","FR","cc-by"
"refection-de-chaussee-par-remplissage-mecanise-de-nid-de-poule","Travaux de colmatage mécanisé de nid-de-poule des chaussées",11,"2025-11-27T15:28:30.503286","FR","cc-by"
"indice-equite-milieux-vie","Indice d'équité des milieux de vie",11,"2025-11-25T21:05:28.747685","FR","cc-by"
"vehicules-electriques-et-hybrides","Véhicules électriques et hybrides",2,"2025-11-20T17:04:42.684758","FR","cc-by"
"sondage-satisfaction-citoyens-2013","Sondage de satisfaction auprès des résidents, 2013 (archives)",4,"2025-11-20T17:03:55.601442","FR","cc-by"
"segments-routiers-de-collecte-des-temps-de-parcours","Segments routiers de collecte des temps de parcours",2,"2025-11-20T16:59:58.981895","FR","cc-by"
"propos-antiparlementaires","Propos antiparlementaires",1,"2025-11-20T16:58:59.709685","FR","cc-by"
"membre-du-comite-executif-depuis-1986","Membres du comité exécutif depuis 1986",1,"2025-11-20T16:58:19.056958","FR","cc-by"
"calendrier-instances-politiques-ville-centrale","Calendrier - Instances politiques - Ville centrale",1,"2025-11-20T16:57:46.013577","FR","cc-by"
"phototheque-archives","Archives photographiques (sélection)",2,"2025-11-20T16:56:59.639290","FR","cc-by"
"vehicules-appartenant-a-la-ville-de-montreal","Véhicules appartenant à la Ville de Montréal ou en location long terme",1,"2025-11-20T16:56:01.488339","FR","cc-by"
"registre-pp-cdn-ndg","Registre des projets particuliers - Arrondissement de Côte-des-Neiges–Notre-Dame-de-Grâce",2,"2025-11-20T16:55:25.218638","FR","cc-by"
"reddition-comptes-financiere","Reddition de comptes financière",7,"2025-11-17T21:23:45.945911","FR","cc-by"
"compteurs-eau","Compteurs d'eau exploités par la Ville de Montréal",3,"2025-11-13T01:53:33.933098","FR","cc-by"
"schema-affectation-densite","Schéma d'aménagement et de développement - Affectation du sol et densité d'occupation",14,"2025-11-12T20:43:45.351616","FR","cc-by"
"candidatures","Élections municipales - Candidatures",4,"2025-10-21T19:37:32.830309","FR","cc-by"
"sections-de-vote","Élections municipales - Sections de vote",10,"2025-10-20T18:12:38.408568","FR","cc-by"
"districts-electoraux","Élections municipales - Districts électoraux",13,"2025-10-20T15:36:57.775877","FR","cc-by"
"limites-pdq-spvm","Limite des secteurs de poste de quartier de police",4,"2025-10-17T14:01:36.834299","FR","cc-by"
"carte-postes-quartier","Postes de police de quartier sur l’île de Montréal",3,"2025-10-14T20:15:57.494086","FR","cc-by"
"allocation-aux-partis-autorises","Remboursement des allocations aux partis autorisés (archives)",7,"2025-10-10T17:55:22.794266","FR","cc-by"
"formation-ethique-personnes-elues","Personnes élues ayant suivi la formation obligatoire en éthique (archives)",1,"2025-10-10T17:53:44.028405","FR","cc-by"
"postes-electifs","Élections municipales - Postes électifs",5,"2025-10-09T13:49:39.102053","FR","cc-by"
"budget-participatif-montreal","Résultats du Budget participatif de Montréal",12,"2025-09-04T18:14:50.907146","FR","cc-by"
"remuneration-elus","Tableau de la rémunération des personnes élues de la Ville de Montréal",8,"2025-09-04T14:43:54.498338","FR","cc-by"
"remboursement-des-frais-de-recherches-et-de-soutien","Remboursement des frais de recherches et de soutien",7,"2025-08-20T18:02:29.790253","FR","cc-by"
"reconnaissance-panam","Organismes ayant reconnaissance PANAM",1,"2025-06-30T19:54:03.433936","FR","cc-by"
"les-edifices-patrimoniaux-de-montreal","Les édifices patrimoniaux de Montréal",3,"2025-06-19T14:26:43.945354","FR","cc-by"
"interventions-escouade-mobilite","Interventions de l'Escouade mobilité",2,"2025-06-04T18:37:47.748105","FR","cc-by"
"lieux-d-interet","Lieux d'intérêt",4,"2025-06-04T16:58:55.173947","FR","cc-by"
"structure-routiere","Structures routières",16,"2025-05-12T20:24:39.487170","FR","cc-by"
"contrats-octroyes-par-les-fonctionnaires-2017-cdnndg","Contrats octroyés par les fonctionnaires - 2017 - Côte-des-Neiges–Notre-Dame-de-Grâce",25,"2025-05-12T19:55:43.275946","FR","cc-by"
"contrats-octroyes-par-les-fonctionnaires-cote-des-neiges-notre-dame-de-grace-2016","Contrats octroyés par les fonctionnaires - 2016 - Côte-des-Neiges–Notre-Dame-de-Grâce",25,"2025-05-12T19:51:49.614000","FR","cc-by"
"contrats-octroyes-par-les-fonctionnaires-cote-des-neiges-notre-dame-de-grace-2015","Contrats octroyés par les fonctionnaires - 2015 - Côte-des-Neiges–Notre-Dame-de-Grâce",13,"2025-05-12T19:47:18.765232","FR","cc-by"
"contrats-octroyes-par-les-fonctionnaires-cote-des-neiges-notre-dame-de-grace-2014","Contrats octroyés par les fonctionnaires - 2014 - Côte-des-Neiges–Notre-Dame-de-Grâce",25,"2025-05-12T19:44:17.629195","FR","cc-by"
"agriculture-urbaine-sondage","Agriculture urbaine : sondage auprès de la population de l’île de Montréal",5,"2025-05-12T19:34:42.649300","FR","cc-by"
"activites-programmation-375e","Activités de la programmation du 375e (2017)",2,"2025-05-12T19:31:33.557326","FR","cc-by"
"surfaces-minerales-vegetales","Surfaces minérales et végétales",69,"2025-05-07T14:29:31.057433","FR","cc-by"
"portrait-thematique-sur-l-immigration","Portrait des arrondissements sur l’immigration, 2021",19,"2025-03-11T19:54:19.690667","FR","cc-by"
"modele-numerique-de-surface-mns","Modèle numérique de surface (MNS)",34,"2025-02-28T19:50:44.306552","FR","cc-by"
"modele-numerique-de-canopee-mnc","Modèle numérique de canopée (MNC)",34,"2025-02-28T19:49:58.646932","FR","cc-by"
"liste-organisations-internationales-montreal","Liste des organisations internationales à Montréal",1,"2025-02-28T19:29:16.735102","FR","cc-by"
"missions-internationales-des-elus-es","Missions internationales des élus(es)",2,"2025-02-28T19:27:54.023938","FR","cc-by"
"unites-administratives","Unités administratives",1,"2025-02-28T19:26:26.074864","FR","cc-by"
"taux-de-taxation-et-tarification","Taux de taxation et tarification",1,"2025-02-28T19:25:30.292576","FR","cc-by"
"contrats-octroyes-par-les-fonctionnaires-2018-cdn-ndg","Contrats octroyés par les fonctionnaires - 2018 - Côte-des-Neiges–Notre-Dame-de-Grâce",24,"2025-02-28T19:22:20.432035","FR","cc-by"
"contrats-fonctionnaires-2023-cdnndg","Contrats octroyés par les fonctionnaires - 2023 - Côte-des-Neiges–Notre-Dame-de-Grâce",2,"2025-02-28T19:21:56.593444","FR","cc-by"
"contrats-octroyes-par-les-fonctionnaires-2022-cote-des-neiges-notre-dame-de-grace","Contrats octroyés par les fonctionnaires - 2022 - Côte-des-Neiges–Notre-Dame-de-Grâce",2,"2025-02-28T19:21:00.614749","FR","cc-by"
"maquette-3d-2011-centre-ville","Maquette 3D non géoréférencée du centre-ville (2011)",1,"2025-02-28T19:19:12.205011","FR","cc-by"
"mesures-niveaux-acoustiques","Mesures de niveaux acoustiques",1,"2025-02-28T18:42:12.051325","FR","cc-by"
"etude-barrieres-entrepreneuriat-populations-vulnerables","Étude sur les barrières d'accès à l'entrepreneuriat chez les populations vulnérables",3,"2025-02-27T21:30:10.619151","FR","cc-by"
"informe-commercants","J'informe les commerçants",1,"2025-02-27T21:22:03.066576","FR","cc-by"
"requetes-entreprises-covid-19","Requêtes des entreprises dans le cadre de la COVID-19",1,"2025-02-27T21:11:11.179827","FR","cc-by"
"demandes-aide-alimentaire","Suivis des demandes d'aide alimentaire au 211",3,"2025-02-27T20:56:39.252553","FR","cc-by"
"frequentation-voies-actives-securitaires","Fréquentation des voies actives sécuritaires (VAS)",3,"2025-02-27T20:10:34.366217","FR","cc-by"
"ombudsman-dossiers-traites","Ombudsman - Dossiers traités",7,"2025-02-27T19:53:11.478850","FR","cc-by"
"rui","Zone de revitalisation urbaine intégrée (RUI)",3,"2025-02-27T18:39:38.063993","FR","cc-by"
"quartiers-sociologiques","Quartiers sociologiques",3,"2025-02-27T18:38:30.144217","FR","cc-by"
"batiments-certifies-qualite-famille","Bâtiments certifiés « qualité famille »",2,"2025-02-27T18:36:45.303745","FR","cc-by"
"territoires-administratifs-des-casernes","Territoires administratifs des casernes",3,"2025-02-27T18:34:37.864648","FR","cc-by"
"ouvrages-et-bassins-de-retention","Ouvrages et bassins de rétention",2,"2025-02-27T18:32:14.880551","FR","cc-by"
"donnees-debordements-intercepteur-ete2015","Volumes et durées des débordements de l'intercepteur sud-est (période estivale 2015) (archives)",4,"2025-02-27T18:31:40.263195","FR","cc-by"
"ouvrage-surverse","Ouvrages de surverse",3,"2025-02-27T18:31:06.078053","FR","cc-by"
"contrats-25-000-et-plus-cdn-ndg","Contrats de 25 000$ et plus - Arrondissement Côte-des-Neiges–Notre-Dame-de-Grâce",58,"2025-02-27T18:29:51.732273","FR","cc-by"
"contrats-octroyes-par-les-fonctionnaires-2021-cote-des-neiges-notre-dame-de-grace","Contrats octroyés par les fonctionnaires - 2021 - Côte-des-Neiges–Notre-Dame-de-Grâce",24,"2025-02-27T18:14:45.358304","FR","cc-by"
"immeubles-faisant-l-objet-d-un-enonce-d-interet-patrimonial","Immeubles faisant l'objet d'un énoncé d'intérêt patrimonial",2,"2025-02-27T16:59:01.697709","FR","cc-by"
"rues-pietonnes","Rues piétonnes et partagées",4,"2025-02-27T16:32:12.752805","FR","cc-by"
"fontaines-a-boire-eau-exterieures","Fontaines à boire extérieures",1,"2025-02-27T16:30:03.268286","FR","cc-by"
"em-cdn-ndg","Liste des édifices municipaux - Arrondissement de Côte-des-Neiges–Notre-Dame-de-Grâce",3,"2025-02-27T14:44:13.569435","FR","cc-by"
"contrats-octroyes-par-les-fonctionnaires-2019-cdn-ndg","Contrats octroyés par les fonctionnaires - 2019 - Côte-des-Neiges–Notre-Dame-de-Grâce",24,"2025-02-27T14:39:10.669158","FR","cc-by"
"contrats-octroyes-par-les-fonctionnaires-2020-cdn-ndg","Contrats octroyés par les fonctionnaires - 2020 - Côte-des-Neiges–Notre-Dame-de-Grâce",36,"2025-02-27T14:38:35.379998","FR","cc-by"
"registre-dm-cdn-ndg","Registre des dérogations mineures – Arrondissement de Côte-des-Neiges–Notre-Dame-de-Grâce",2,"2025-02-27T14:35:26.830358","FR","cc-by"
"batiments-vacants-ville-marie","Inventaire des bâtiments vacants de Ville-Marie",18,"2025-02-27T14:34:04.218231","FR","cc-by"
"points-rencontres-livres-dans-la-rue","Points de rencontre pour Livres dans la rue",6,"2025-02-27T14:19:51.359854","FR","cc-by"
"bibliotheques-montreal-statistiques","Bibliothèques de Montréal - statistiques sur le prêt, les collections et la fréquentation",10,"2025-02-27T14:18:23.476141","FR","cc-by"
"catalogue-bibliotheques","Catalogue des documents des bibliothèques",1,"2025-02-27T14:17:33.966484","FR","cc-by"
"palmares-des-documents-les-plus-empruntes","Palmarès des documents les plus empruntés",29,"2025-02-27T14:17:03.272442","FR","cc-by"
"registres-de-plans-des-proprietes-de-la-ville-de-montreal-1900-2000","Registre de plans des propriétés de la Ville de Montréal 1900-2000",2,"2025-02-27T13:29:39.110110","FR","cc-by"
"plans-detailles-d-occupation-du-sol-de-la-ville-de-montreal-1949","Plans détaillés d'occupation du sol de la Ville de Montréal, 1949",2,"2025-02-27T13:28:03.178201","FR","cc-by"
"plans-generaux-d-occupation-du-sol-de-la-ville-de-montreal-1949","Plans généraux d'occupation du sol de la Ville de Montréal, 1949",3,"2025-02-27T13:27:14.694339","FR","cc-by"
"vues-aeriennes-de-montreal-1958-1975","Vues aériennes verticales de l'île de Montréal, 1958-1975",16,"2025-02-27T13:26:16.447350","FR","cc-by"
"vues-aeriennes-obliques-de-l-ile-de-montreal-1960-1992","Vues aériennes obliques de l’île de Montréal, 1960-1992",1,"2025-02-27T13:22:50.850310","FR","cc-by"
"vues-aeriennes-de-l-ile-de-montreal-1925-1935","Vues aériennes de l’île de Montréal, 1925-1935",2,"2025-02-27T13:20:52.623613","FR","cc-by"
"vues-aeriennes-archives","Vues aériennes de l’île de Montréal, 1947-1949",3,"2025-02-27T13:20:00.221381","FR","cc-by"
"bilan-des-contingences","Bilan des contingences",6,"2025-02-27T13:16:53.622094","FR","cc-by"
"bilan-de-la-consommation-des-ententes-cadres","Bilan de la consommation des ententes-cadres",4,"2025-02-27T13:15:59.111117","FR","cc-by"
"bureaux-vote","Élections municipales - Bureaux de vote",3,"2025-02-27T13:15:02.072985","FR","cc-by"
"bassins-electoraux","Élections municipales - Bassins électoraux",6,"2025-02-27T13:14:10.935239","FR","cc-by"
"sections-vote-adresse-civique","Élections municipales - Sections de vote par adresse civique",3,"2025-02-27T13:13:16.551609","FR","cc-by"
"commissions-permanentes-du-conseil-membres","Commissions permanentes du conseil - membres",2,"2025-02-26T21:27:25.015048","FR","cc-by"
"profils-participants-questions-conseil-municipal","Profils des participants - questions du public au conseil municipal et conseil d'agglomération",1,"2025-02-26T21:26:19.213687","FR","cc-by"
"elections-municipales-partielles-resultats-detailles","Élections municipales partielles - Résultats détaillés",7,"2025-02-26T21:16:11.550666","FR","cc-by"
"arros-liste","Arrondissement de la Ville de Montréal - Liste",1,"2025-02-26T21:14:38.147325","FR","cc-by"
"resultats-sommaires","Élections municipales - Résultats sommaires",3,"2025-02-26T21:13:33.131415","FR","cc-by"
"programme-triennal-d-immobilisation-fiches-de-projets-et-programmes","Programme triennal d'immobilisation - fiches de projets et programmes",4,"2025-02-26T20:29:53.106659","FR","cc-by"
"unites-evaluation-fonciere","Unités d'évaluation foncière",3,"2025-02-26T20:28:26.113853","FR","cc-by"
"corridors-sanitaires","Corridors sanitaires (archives)",2,"2025-02-26T20:16:44.709700","FR","cc-by"
"debit-station-epuration","Débit aux affluent et effluent de la station d’épuration (saison estival 2015) (archives)",2,"2025-02-26T19:15:36.100697","FR","cc-by"
"reparation-reseau-eau-potable","Réparations de bris sur le réseau d'eau potable",1,"2025-02-26T19:14:51.598154","FR","cc-by"
"concentration-mes-station-epuration","Concentration en MES à l'affluent et à l'effluent de la station d’épuration (période estivale 2015) (archives)",2,"2025-02-26T19:14:11.173020","FR","cc-by"
"pluviometrie","Pluviométrie dans le bassin de l'intercepteur sud-est  (période estivale 2015) (archives)",2,"2025-02-26T19:13:12.218377","FR","cc-by"
"toxicite-aigue-de-l-eau-de-surface-du-fleuve-travaux-intercepteur-sud-est-nov-2015","Toxicité aiguë de l'eau de surface du Fleuve, travaux intercepteur sud-est, Nov. 2015 (archives)",2,"2025-02-26T19:12:17.963754","FR","cc-by"
"durees-de-deversement-et-calcul-des-volumes-deverses-travaux-intercepteur-sud-est-nov-2015","Volumes et durées des déversements, travaux intercepteur sud-est, Nov. 2015 (archives)",3,"2025-02-26T19:11:29.763589","FR","cc-by"
"essais-de-letalite-aigue-sur-la-truite-novembre-2015","Essais de létalité aiguë sur la truite arc-en-ciel effectués sur les eaux usées non traitées, travaux intercepteur sud-est, Nov. 2015 (archives)",2,"2025-02-26T19:08:34.904800","FR","cc-by"
"qualite-physico-chimique-des-eaux-usees-non-traitees-de-l-intercepteur-sud-est","Qualité physico-chimique des eaux usées non traitées, travaux intercepteur sud-est, Nov. 2015 (archives)",2,"2025-02-26T19:07:48.442375","FR","cc-by"
"essais-de-toxicite-des-sediments-intercepteur-sud-est-novembre-2015","Paramètres physico-chimique et toxicité des sédiments, travaux intercepteur sud-est, Nov. 2015 (archives)",4,"2025-02-26T19:07:10.437152","FR","cc-by"
"concentration-en-metaux-et-metalloides-des-plantes-prelevees-nov-2015","Concentration en métaux et métalloïdes des plantes prélevées, travaux intercepteur sud-est, Nov. 2015 (archives)",4,"2025-02-26T19:06:10.273477","FR","cc-by"
"genotoxicite-de-l-eau-de-surface-nov-2015","Génotoxicité de l'eau de surface, rives des l'île des Sœurs et de Sorel, travaux intercepteur sud-est, Nov. 2015 (archives)",4,"2025-02-26T19:05:23.846954","FR","cc-by"
"resultats-plan-intervention-actifs-eau-voirie-2023","Résultats du Plan d'intervention des actifs des réseaux d'eau potable, d'égouts et de voirie (2023-2027)",5,"2025-02-26T19:00:45.585528","FR","cc-by"
"resultats-plan-intervention-actifs-eau-voirie","Résultats du Plan d'intervention des actifs des réseaux d'eau potable, d'égouts et de voirie (2016-2021) (archives)",4,"2025-02-26T18:59:11.273477","FR","cc-by"
"qualite-physico-chimique-de-l-eau-du-fleuve-travaux-intercepteur-sud-est-nov-2015","Qualité physico-chimique de l'eau de surface du fleuve, travaux intercepteur sud-est, Nov. 2015 (archives)",2,"2025-02-26T18:56:56.043428","FR","cc-by"
"pluviometre-localisation","Pluviomètres - localisation",3,"2025-02-26T18:55:18.841350","FR","cc-by"
"schema-patrimoine-paysage","Schéma d'aménagement et de développement - Patrimoine et paysage",20,"2025-02-26T15:02:39.383360","FR","cc-by"
"trajets-individuels-velo-enregistre-mon-resovelo","Trajets individuels à vélo enregistrés par Mon RésoVélo",1,"2025-02-26T15:01:51.426772","FR","cc-by"
"schema-equipements-collectifs","Schéma d'aménagement et de développement - Équipements collectifs",18,"2025-02-26T15:01:17.144422","FR","cc-by"
"camionnage-reglements","Règlements relatifs à la circulation des véhicules lourds et des véhicules outils sur le territoire de l'agglomération de Montréal",6,"2025-02-26T15:00:27.399501","FR","cc-by"
"arceaux-velos","Arceaux à vélos",1,"2025-02-26T14:59:04.944293","FR","cc-by"
"stationnements-vnilssa","Espaces de stationnement des VNILSSA (véhicules non immatriculés en libre-service sans ancrage)",1,"2025-02-26T14:57:48.752839","FR","cc-by"
"mtl-trajet","Déplacements MTL Trajet",6,"2025-02-26T14:56:42.807867","FR","cc-by"
"reseau-express-velo","Réseau express vélo (REV)",2,"2025-02-26T14:50:10.425733","FR","cc-by"
"indicateurs-de-condition-des-ruelles","Indicateurs de condition des ruelles",3,"2025-02-26T14:49:40.290525","FR","cc-by"
"fond-de-carte-map","Fond de carte ""Montréal à pied""",1,"2025-02-26T14:49:03.414247","FR","cc-by"
"entraves-circulation","Entraves à la circulation en temps réel",2,"2025-02-26T14:47:44.082624","FR","cc-by"
"reseau-arteriel-administratif","Réseau artériel administratif (RAAV)",1,"2025-02-26T14:45:42.162851","FR","cc-by"
"temps-de-parcours-sur-des-segments-routiers-historique","Temps de parcours sur des segments routiers (historique)",4,"2025-02-26T14:41:15.315183","FR","cc-by"
"thermographie-surface","Thermographie de surface",34,"2025-02-24T21:53:47.043290","FR","cc-by"
"hydrographie","Hydrographie de l'agglomération de Montréal",2,"2025-02-24T21:53:08.982720","FR","cc-by"
"lignes-transport-electrique","Lignes de transport électrique",2,"2025-02-24T21:52:32.607093","FR","cc-by"
"aerodrome-aeroport-de-montreal","Aérodrome (Aéroport de Montréal)",2,"2025-02-24T21:51:38.185753","FR","cc-by"
"batiment-2d","Bâtiments",2,"2025-02-24T21:51:03.612366","FR","cc-by"
"maquette-numerique-plateau-mont-royal-batiments-lod2-avec-textures","Bâtiment 3D 2013 (Maquette CityGML LOD2 avec textures) (archives)",58,"2025-02-24T21:39:47.859229","FR","cc-by"
"anciens-territoires","Anciens territoires administratifs de l’île de Montréal (archives)",3,"2025-02-24T21:38:39.155471","FR","cc-by"
"maquette-numerique-batiments-citygml-lod2-avec-textures","Bâtiment 3D 2009 (Maquette CityGML LOD2 avec textures)",47,"2025-02-24T21:36:56.552452","FR","cc-by"
"geologie-des-depots-meubles","Géologie et épaisseur des dépôts meubles",5,"2025-02-24T21:34:29.340750","FR","OGL-Canada-2.0"
"phototheque","Photographies aériennes - Photothèque",1,"2025-02-24T21:28:23.416042","FR","cc-by"
"modele-numerique-de-terrain-mnt","Modèle numérique de terrain",69,"2025-02-24T21:27:27.706893","FR","cc-by"
"schema-economie","Schéma d'aménagement et de développement - Économie",6,"2025-02-24T21:02:09.356745","FR","cc-by"
"archipel-agglomeration","Archipel de l'agglomération de Montréal",2,"2025-02-21T15:28:36.544517","FR","cc-by"
"hydrographie-communaute-metropolitaine-montreal","Hydrographie de la Communauté métropolitaine de Montréal",2,"2025-02-21T15:27:08.070486","FR","cc-by"
"voies-ferrees-3d","Voies ferrées 3D",2,"2025-02-21T15:26:12.930068","FR","cc-by"
"limites-terrestres","Limites terrestres de l'île de Montréal (archives)",2,"2025-02-21T15:25:31.631822","FR","cc-by"
"lidar-aerien-2015","LiDAR aérien 2015",9,"2025-02-21T15:24:55.541626","FR","cc-by"
"quadrillage-sqrc","Quadrillage SQRC",8,"2025-02-21T15:24:10.700006","FR","cc-by"
"indicateurs-de-l-etat-du-centre-ville","Indicateurs de l'état du centre-ville (archives)",1,"2025-02-21T15:08:53.694932","FR","cc-by"
"annuaire-statistique-agglo","Annuaire statistique 2006 de l’agglomération de Montréal",2,"2025-02-21T15:08:00.913635","FR","cc-by"
"sous-titrage-conseil-municipal","Sous-titrage du conseil municipal (archives)",24,"2025-02-21T15:02:02.019048","FR","cc-by"
"images-annotees-cameras-circulation","Images annotées extraites du flux vidéo des caméras de circulation (archives)",2,"2025-02-21T15:01:14.607526","FR","cc-by"
"sondage-inclusion-personnes-immigrantes","Sondage Écho sur l'inclusion des personnes immigrantes",4,"2025-02-20T18:17:06.035666","FR","cc-by"
"consultation-des-communautes-lgbtq-a-montreal","Consultation des communautés LGBTQ2+ à Montréal",2,"2025-02-20T18:14:29.040257","FR","cc-by"
"commande-personnalisee-recensement-2021","Commande personnalisée du recensement 2021",7,"2025-02-20T18:13:24.954207","FR","cc-by"
"portrait-thematique-sur-la-pauvrete-2021","Portrait des arrondissements sur la pauvreté, 2021",19,"2025-02-20T18:12:21.527093","FR","cc-by"
"portrait-thematique-sur-les-personnes-jeunes-2021","Portrait des arrondissements sur les personnes jeunes, 2021",19,"2025-02-20T18:10:03.847832","FR","cc-by"
"portrait-thematique-sur-les-enfants-2021","Portrait des arrondissements sur les enfants, 2021",19,"2025-02-20T17:00:08.029667","FR","cc-by"
"portrait-thematique-sur-les-limitations-d-activites","Portrait des arrondissements sur les limitations d’activités, 2021",19,"2025-02-20T16:58:25.486834","FR","cc-by"
"portrait-thematique-sur-les-personnes-ainees-2021","Portrait des arrondissements sur les personnes aînées, 2021",19,"2025-02-20T16:56:40.837824","FR","cc-by"
"sondage-satisfaction-citoyens-service-telephonique-311","Sondage de satisfaction des citoyens à l'égard du service téléphonique 311",4,"2025-02-18T18:12:23.533070","FR","cc-by"
"sondage-satisfaction-citoyens-2012","Sondage de satisfaction auprès des résidents, 2012 (archives)",7,"2025-02-18T18:10:48.623458","FR","cc-by"
"sondage-satisfaction-citoyens","Sondage de satisfaction auprès des citoyens à l'égard des services de la Ville de Montréal",6,"2025-02-18T18:10:03.924591","FR","cc-by"
"sondage-satisfaction-grandes-municipalites-quebec","Sondage de satisfaction auprès des citoyens des neuf plus grandes municipalités du Québec",4,"2025-02-18T18:09:17.650388","FR","cc-by"
"sondage-satisfaction-entreprises","Sondage de satisfaction auprès des entreprises à l'égard des services de la Ville de Montréal",6,"2025-02-18T18:07:58.456389","FR","cc-by"
"sondage-revons-montreal-2020-2030","Sondage Rêvons Montréal 2020-2030",1,"2025-02-17T21:18:36.510753","FR","cc-by"
"evenements-protocolaires-assistes-par-personnes-elues","Événements protocolaires assistés par les personnes élues",1,"2025-02-17T21:17:56.459787","FR","cc-by"
"milieux-humides-sous-controle-interimaire","Milieux humides à protéger ou à restaurer (sous contrôle intérimaire)",5,"2024-12-16T21:29:46.475820","FR","cc-by"
"corvees-et-evenements-des-eco-quartiers","Corvées et événements des éco-quartiers",1,"2024-12-13T15:52:23.326797","FR","cc-by"
"population-recensement","Recensement de la population de l’île de Montréal – 2011",3,"2024-12-13T15:27:59.350524","FR","OGL-Canada-2.0"
"piscines-municipales","Piscines municipales",4,"2024-10-25T20:10:27.137549","FR","cc-by"
"liste-des-eco-quartiers","Liste des éco-quartiers",1,"2024-10-22T14:20:45.084307","FR","cc-by"
